{"submitted_ta_runs": 1615, "finished_ta_runs": 1615, "n_configs": 1105, "wallclock_time_used": 2400.8045768737793, "ta_time_used": 1957.0264210700989, "inc_changed": 14, "_n_configs_per_intensify": 1496, "_n_calls_of_intensify": 40, "_ema_n_configs_per_intensifiy": 26.71458099240958, "_EMA_ALPHA": 0.2}