{"submitted_ta_runs": 1478, "finished_ta_runs": 1478, "n_configs": 1012, "wallclock_time_used": 2401.0224227905273, "ta_time_used": 1960.4493398666382, "inc_changed": 11, "_n_configs_per_intensify": 1470, "_n_calls_of_intensify": 37, "_ema_n_configs_per_intensifiy": 44.47379100079994, "_EMA_ALPHA": 0.2}