{"train_acc":[25.942857143729075],"train_loss":[1.957384045106651],"valid_acc":[26.308736313868614],"valid_loss":[1.9591790568219485],"test_acc":[],"test_loss":[],"runtime":[61.32983207702637],"train_time":[],"arch_eval":[],"params":0.048906}