{"submitted_ta_runs": 1446, "finished_ta_runs": 1446, "n_configs": 993, "wallclock_time_used": 2400.8807294368744, "ta_time_used": 1966.794450044632, "inc_changed": 12, "_n_configs_per_intensify": 1430, "_n_calls_of_intensify": 36, "_ema_n_configs_per_intensifiy": 45.592238750999925, "_EMA_ALPHA": 0.2}