{"submitted_ta_runs": 1672, "finished_ta_runs": 1672, "n_configs": 1143, "wallclock_time_used": 2400.382393836975, "ta_time_used": 1957.5640978813171, "inc_changed": 10, "_n_configs_per_intensify": 1670, "_n_calls_of_intensify": 43, "_ema_n_configs_per_intensifiy": 38.16586546811371, "_EMA_ALPHA": 0.2}