{"submitted_ta_runs": 1684, "finished_ta_runs": 1684, "n_configs": 1153, "wallclock_time_used": 2400.114624261856, "ta_time_used": 1977.2921118736267, "inc_changed": 14, "_n_configs_per_intensify": 1683, "_n_calls_of_intensify": 45, "_ema_n_configs_per_intensifiy": 26.706153899592774, "_EMA_ALPHA": 0.2}