{"submitted_ta_runs": 1654, "finished_ta_runs": 1654, "n_configs": 1132, "wallclock_time_used": 2401.2015364170074, "ta_time_used": 1976.2526829242706, "inc_changed": 14, "_n_configs_per_intensify": 1617, "_n_calls_of_intensify": 41, "_ema_n_configs_per_intensifiy": 45.57166479392767, "_EMA_ALPHA": 0.2}