{"submitted_ta_runs": 1712, "finished_ta_runs": 1712, "n_configs": 1181, "wallclock_time_used": 2400.3670325279236, "ta_time_used": 1961.2361013889313, "inc_changed": 18, "_n_configs_per_intensify": 1683, "_n_calls_of_intensify": 45, "_ema_n_configs_per_intensifiy": 26.706153899592774, "_EMA_ALPHA": 0.2}