{"submitted_ta_runs": 1550, "finished_ta_runs": 1550, "n_configs": 1078, "wallclock_time_used": 2400.201578140259, "ta_time_used": 1955.0886015892029, "inc_changed": 15, "_n_configs_per_intensify": 1496, "_n_calls_of_intensify": 40, "_ema_n_configs_per_intensifiy": 26.71458099240958, "_EMA_ALPHA": 0.2}