{"submitted_ta_runs": 1565, "finished_ta_runs": 1565, "n_configs": 1093, "wallclock_time_used": 2401.0303530693054, "ta_time_used": 1956.9215352535248, "inc_changed": 17, "_n_configs_per_intensify": 1496, "_n_calls_of_intensify": 40, "_ema_n_configs_per_intensifiy": 26.71458099240958, "_EMA_ALPHA": 0.2}