{"submitted_ta_runs": 1719, "finished_ta_runs": 1719, "n_configs": 1188, "wallclock_time_used": 2400.9357256889343, "ta_time_used": 1970.3464527130127, "inc_changed": 12, "_n_configs_per_intensify": 1683, "_n_calls_of_intensify": 45, "_ema_n_configs_per_intensifiy": 26.706153899592774, "_EMA_ALPHA": 0.2}