{"submitted_ta_runs": 1666, "finished_ta_runs": 1666, "n_configs": 1141, "wallclock_time_used": 2401.2690720558167, "ta_time_used": 1962.3911550045013, "inc_changed": 14, "_n_configs_per_intensify": 1657, "_n_calls_of_intensify": 42, "_ema_n_configs_per_intensifiy": 44.457331835142135, "_EMA_ALPHA": 0.2}